<?xml version="1.0" encoding="UTF-8"?>
<manifest xmlns="http://www.imsproject.org/xsd/imscp_rootv1p1p2" identifier="SingleCourseManifest" version="1.1" xmlns:adlcp="http://www.adlnet.org/xsd/adlcp_rootv1p2" xmlns:xsi="http://www.w3.org/2001/XMLSchema-instance" xsi:schemaLocation="http://www.imsproject.org/xsd/imscp_rootv1p1p2 imscp_rootv1p1p2.xsd http://www.imsglobal.org/xsd/imsmd_rootv1p2p1 imsmd_rootv1p2p1.xsd http://www.adlnet.org/xsd/adlcp_rootv1p2 adlcp_rootv1p2.xsd"><metadata><schema>ADL SCORM</schema><schemaversion>1.2</schemaversion></metadata><organizations default="chamilo_scorm_export"><organization identifier="chamilo_scorm_export"><title>Datos raster</title><item identifier="ITEM_581916" identifierref="RESOURCE_581916" isvisible="true"><title>Video 05</title><adlcp:prerequisites type="aicc_script"/><adlcp:masteryscore>-1</adlcp:masteryscore></item><item identifier="ITEM_581917" identifierref="RESOURCE_581917" isvisible="true"><title>Datos_Raster</title><adlcp:prerequisites type="aicc_script"/><adlcp:masteryscore>-1</adlcp:masteryscore></item><item identifier="ITEM_581918" identifierref="RESOURCE_581918" isvisible="true"><title>5_Mapa_datos_raster.pdf</title><adlcp:prerequisites type="aicc_script"/><adlcp:masteryscore>-1</adlcp:masteryscore></item><item identifier="ITEM_581774" identifierref="RESOURCE_581774" isvisible="true"><title>5_Datos_raster_JCross</title><adlcp:prerequisites type="aicc_script"/><adlcp:masteryscore>-1</adlcp:masteryscore></item><item identifier="ITEM_581775" identifierref="RESOURCE_581775" isvisible="true"><title>5_Datos_raster_JMatch</title><adlcp:prerequisites type="aicc_script">581774</adlcp:prerequisites><adlcp:masteryscore>-1</adlcp:masteryscore></item></organization></organizations><resources><resource identifier="RESOURCE_581916_1" type="webcontent" adlcp:scormtype="asset" xml:base="document/learning_path/Datos-raster"><file href="?si=m5BOSoKSdWvWNLtK"/></resource><resource identifier="RESOURCE_581916_2" type="webcontent" adlcp:scormtype="asset" xml:base=""><file href="https://www.youtube.com/embed/qZrN0CaQ_xs"/></resource><resource identifier="RESOURCE_581916" type="webcontent" href="document//Video-05.html" adlcp:scormtype="asset" xml:base=""><file href="document//Video-05.html"/><dependency identifierref="RESOURCE_581916_1"/><dependency identifierref="RESOURCE_581916_2"/></resource><resource identifier="RESOURCE_581917" type="webcontent" href="document//Datos_Raster.pdf" adlcp:scormtype="asset" xml:base=""><file href="document//Datos_Raster.pdf"/></resource><resource identifier="RESOURCE_581918" type="webcontent" href="document//5_Mapa_datos_raster.pdf" adlcp:scormtype="asset" xml:base=""><file href="document//5_Mapa_datos_raster.pdf"/></resource><resource identifier="RESOURCE_581774" type="webcontent" href="-1" adlcp:scormtype="asset" xml:base=""><file href="-1"/></resource><resource identifier="RESOURCE_581775" type="webcontent" href="-1" adlcp:scormtype="asset" xml:base=""><file href="-1"/></resource></resources></manifest>
