<?xml version="1.0" encoding="UTF-8"?>
<manifest xmlns="http://www.imsproject.org/xsd/imscp_rootv1p1p2" identifier="SingleCourseManifest" version="1.1" xmlns:adlcp="http://www.adlnet.org/xsd/adlcp_rootv1p2" xmlns:xsi="http://www.w3.org/2001/XMLSchema-instance" xsi:schemaLocation="http://www.imsproject.org/xsd/imscp_rootv1p1p2 imscp_rootv1p1p2.xsd http://www.imsglobal.org/xsd/imsmd_rootv1p2p1 imsmd_rootv1p2p1.xsd http://www.adlnet.org/xsd/adlcp_rootv1p2 adlcp_rootv1p2.xsd"><metadata><schema>ADL SCORM</schema><schemaversion>1.2</schemaversion></metadata><organizations default="chamilo_scorm_export"><organization identifier="chamilo_scorm_export"><title>Sistemas de coordenadas</title><item identifier="ITEM_581909" identifierref="RESOURCE_581909" isvisible="true"><title>Video 03</title><adlcp:prerequisites type="aicc_script"/><adlcp:masteryscore>-1</adlcp:masteryscore></item><item identifier="ITEM_581910" identifierref="RESOURCE_581910" isvisible="true"><title>Sistemas de coordenadas</title><adlcp:prerequisites type="aicc_script"/><adlcp:masteryscore>-1</adlcp:masteryscore></item><item identifier="ITEM_581911" identifierref="RESOURCE_581911" isvisible="true"><title>3_Mapa_sistemas_de_coordenadas_cartograficas.pdf</title><adlcp:prerequisites type="aicc_script"/><adlcp:masteryscore>-1</adlcp:masteryscore></item><item identifier="ITEM_581770" identifierref="RESOURCE_581770" isvisible="true"><title>3_Sistemas_coordenadas_JCross</title><adlcp:prerequisites type="aicc_script"/><adlcp:masteryscore>-1</adlcp:masteryscore></item><item identifier="ITEM_581771" identifierref="RESOURCE_581771" isvisible="true"><title>3_Sistemas_coordenadas_JMatch</title><adlcp:prerequisites type="aicc_script">581770</adlcp:prerequisites><adlcp:masteryscore>-1</adlcp:masteryscore></item></organization></organizations><resources><resource identifier="RESOURCE_581909_1" type="webcontent" adlcp:scormtype="asset" xml:base="document/learning_path/Sistemas-de-coordenadas"><file href="?si=jvpa3SAn_upL7Uln"/></resource><resource identifier="RESOURCE_581909_2" type="webcontent" adlcp:scormtype="asset" xml:base=""><file href="https://www.youtube.com/embed/fg4WsJUWCQg"/></resource><resource identifier="RESOURCE_581909" type="webcontent" href="document//Video-03.html" adlcp:scormtype="asset" xml:base=""><file href="document//Video-03.html"/><dependency identifierref="RESOURCE_581909_1"/><dependency identifierref="RESOURCE_581909_2"/></resource><resource identifier="RESOURCE_581910" type="webcontent" href="document//Sistemas-de-coordenadas.pdf" adlcp:scormtype="asset" xml:base=""><file href="document//Sistemas-de-coordenadas.pdf"/></resource><resource identifier="RESOURCE_581911" type="webcontent" href="document//3_Mapa_sistemas_de_coordenadas_cartograficas.pdf" adlcp:scormtype="asset" xml:base=""><file href="document//3_Mapa_sistemas_de_coordenadas_cartograficas.pdf"/></resource><resource identifier="RESOURCE_581770" type="webcontent" href="-1" adlcp:scormtype="asset" xml:base=""><file href="-1"/></resource><resource identifier="RESOURCE_581771" type="webcontent" href="-1" adlcp:scormtype="asset" xml:base=""><file href="-1"/></resource></resources></manifest>
