<?xml version="1.0" encoding="UTF-8"?>
<manifest xmlns="http://www.imsproject.org/xsd/imscp_rootv1p1p2" identifier="SingleCourseManifest" version="1.1" xmlns:adlcp="http://www.adlnet.org/xsd/adlcp_rootv1p2" xmlns:xsi="http://www.w3.org/2001/XMLSchema-instance" xsi:schemaLocation="http://www.imsproject.org/xsd/imscp_rootv1p1p2 imscp_rootv1p1p2.xsd http://www.imsglobal.org/xsd/imsmd_rootv1p2p1 imsmd_rootv1p2p1.xsd http://www.adlnet.org/xsd/adlcp_rootv1p2 adlcp_rootv1p2.xsd"><metadata><schema>ADL SCORM</schema><schemaversion>1.2</schemaversion></metadata><organizations default="chamilo_scorm_export"><organization identifier="chamilo_scorm_export"><title>Introduccion a la cartografia</title><item identifier="ITEM_581924" identifierref="RESOURCE_581924" isvisible="true"><title>Video 01</title><adlcp:prerequisites type="aicc_script"/><adlcp:masteryscore>-1</adlcp:masteryscore></item><item identifier="ITEM_581925" identifierref="RESOURCE_581925" isvisible="true"><title>Introduccion_a_la_cartografia_</title><adlcp:prerequisites type="aicc_script"/><adlcp:masteryscore>-1</adlcp:masteryscore></item><item identifier="ITEM_581926" identifierref="RESOURCE_581926" isvisible="true"><title>1_Mapa_introduccion_a_la_cartografia.pdf</title><adlcp:prerequisites type="aicc_script"/><adlcp:masteryscore>-1</adlcp:masteryscore></item><item identifier="ITEM_581767" identifierref="RESOURCE_581767" isvisible="true"><title>1_Introduccion_cartografia_JCross</title><adlcp:prerequisites type="aicc_script"/><adlcp:masteryscore>-1</adlcp:masteryscore></item></organization></organizations><resources><resource identifier="RESOURCE_581924_1" type="webcontent" adlcp:scormtype="asset" xml:base="document/learning_path/Introduccion-a-la-cartografia"><file href="?si=PQz9Xkf8cvg08iDK"/></resource><resource identifier="RESOURCE_581924_2" type="webcontent" adlcp:scormtype="asset" xml:base=""><file href="https://www.youtube.com/embed/LRGLlxxIz6w"/></resource><resource identifier="RESOURCE_581924" type="webcontent" href="document//Video-01.html" adlcp:scormtype="asset" xml:base=""><file href="document//Video-01.html"/><dependency identifierref="RESOURCE_581924_1"/><dependency identifierref="RESOURCE_581924_2"/></resource><resource identifier="RESOURCE_581925" type="webcontent" href="document//Introduccion_a_la_cartografia_.pdf" adlcp:scormtype="asset" xml:base=""><file href="document//Introduccion_a_la_cartografia_.pdf"/></resource><resource identifier="RESOURCE_581926" type="webcontent" href="document//1_Mapa_introduccion_a_la_cartografia.pdf" adlcp:scormtype="asset" xml:base=""><file href="document//1_Mapa_introduccion_a_la_cartografia.pdf"/></resource><resource identifier="RESOURCE_581767" type="webcontent" href="-1" adlcp:scormtype="asset" xml:base=""><file href="-1"/></resource></resources></manifest>
