<?xml version="1.0" encoding="UTF-8"?>
<manifest xmlns="http://www.imsproject.org/xsd/imscp_rootv1p1p2" identifier="SingleCourseManifest" version="1.1" xmlns:adlcp="http://www.adlnet.org/xsd/adlcp_rootv1p2" xmlns:xsi="http://www.w3.org/2001/XMLSchema-instance" xsi:schemaLocation="http://www.imsproject.org/xsd/imscp_rootv1p1p2 imscp_rootv1p1p2.xsd http://www.imsglobal.org/xsd/imsmd_rootv1p2p1 imsmd_rootv1p2p1.xsd http://www.adlnet.org/xsd/adlcp_rootv1p2 adlcp_rootv1p2.xsd"><metadata><schema>ADL SCORM</schema><schemaversion>1.2</schemaversion></metadata><organizations default="chamilo_scorm_export"><organization identifier="chamilo_scorm_export"><title>Estructura de datos</title><item identifier="ITEM_581913" identifierref="RESOURCE_581913" isvisible="true"><title>Video 04</title><adlcp:prerequisites type="aicc_script"/><adlcp:masteryscore>-1</adlcp:masteryscore></item><item identifier="ITEM_581914" identifierref="RESOURCE_581914" isvisible="true"><title>Estructura_de_datos</title><adlcp:prerequisites type="aicc_script"/><adlcp:masteryscore>-1</adlcp:masteryscore></item><item identifier="ITEM_581915" identifierref="RESOURCE_581915" isvisible="true"><title>4_Mapa_estructura_de_datos.pdf</title><adlcp:prerequisites type="aicc_script"/><adlcp:masteryscore>-1</adlcp:masteryscore></item><item identifier="ITEM_581772" identifierref="RESOURCE_581772" isvisible="true"><title>4_Estructura_datos_JCross</title><adlcp:prerequisites type="aicc_script"/><adlcp:masteryscore>-1</adlcp:masteryscore></item><item identifier="ITEM_581773" identifierref="RESOURCE_581773" isvisible="true"><title>4_Estructura_datos_JMatch</title><adlcp:prerequisites type="aicc_script">581772</adlcp:prerequisites><adlcp:masteryscore>-1</adlcp:masteryscore></item></organization></organizations><resources><resource identifier="RESOURCE_581913_1" type="webcontent" adlcp:scormtype="asset" xml:base="document/learning_path/Estructura-de-datos"><file href="?si=rtz9K317ddhqJZ9B"/></resource><resource identifier="RESOURCE_581913_2" type="webcontent" adlcp:scormtype="asset" xml:base=""><file href="https://www.youtube.com/embed/QYK8hg6FXMQ"/></resource><resource identifier="RESOURCE_581913" type="webcontent" href="document//Video-04.html" adlcp:scormtype="asset" xml:base=""><file href="document//Video-04.html"/><dependency identifierref="RESOURCE_581913_1"/><dependency identifierref="RESOURCE_581913_2"/></resource><resource identifier="RESOURCE_581914" type="webcontent" href="document//Estructura_de_datos.pdf" adlcp:scormtype="asset" xml:base=""><file href="document//Estructura_de_datos.pdf"/></resource><resource identifier="RESOURCE_581915" type="webcontent" href="document//4_Mapa_estructura_de_datos.pdf" adlcp:scormtype="asset" xml:base=""><file href="document//4_Mapa_estructura_de_datos.pdf"/></resource><resource identifier="RESOURCE_581772" type="webcontent" href="-1" adlcp:scormtype="asset" xml:base=""><file href="-1"/></resource><resource identifier="RESOURCE_581773" type="webcontent" href="-1" adlcp:scormtype="asset" xml:base=""><file href="-1"/></resource></resources></manifest>
