<?xml version="1.0" encoding="UTF-8"?>
<manifest xmlns="http://www.imsproject.org/xsd/imscp_rootv1p1p2" identifier="SingleCourseManifest" version="1.1" xmlns:adlcp="http://www.adlnet.org/xsd/adlcp_rootv1p2" xmlns:xsi="http://www.w3.org/2001/XMLSchema-instance" xsi:schemaLocation="http://www.imsproject.org/xsd/imscp_rootv1p1p2 imscp_rootv1p1p2.xsd http://www.imsglobal.org/xsd/imsmd_rootv1p2p1 imsmd_rootv1p2p1.xsd http://www.adlnet.org/xsd/adlcp_rootv1p2 adlcp_rootv1p2.xsd"><metadata><schema>ADL SCORM</schema><schemaversion>1.2</schemaversion></metadata><organizations default="chamilo_scorm_export"><organization identifier="chamilo_scorm_export"><title>Sistemas de proyeccion</title><item identifier="ITEM_581906" identifierref="RESOURCE_581906" isvisible="true"><title>Video 02</title><adlcp:prerequisites type="aicc_script"/><adlcp:masteryscore>-1</adlcp:masteryscore></item><item identifier="ITEM_581907" identifierref="RESOURCE_581907" isvisible="true"><title>Sistemas_de_Proyeccion_</title><adlcp:prerequisites type="aicc_script"/><adlcp:masteryscore>-1</adlcp:masteryscore></item><item identifier="ITEM_581908" identifierref="RESOURCE_581908" isvisible="true"><title>2_Mapa_sistemas_de_proyeccion_cartografica.pdf</title><adlcp:prerequisites type="aicc_script"/><adlcp:masteryscore>-1</adlcp:masteryscore></item><item identifier="ITEM_581768" identifierref="RESOURCE_581768" isvisible="true"><title>2_Sistemas_proyeccion_JCross</title><adlcp:prerequisites type="aicc_script"/><adlcp:masteryscore>-1</adlcp:masteryscore></item><item identifier="ITEM_581769" identifierref="RESOURCE_581769" isvisible="true"><title>2_Sistemas_proyeccion_JMatch</title><adlcp:prerequisites type="aicc_script">581768</adlcp:prerequisites><adlcp:masteryscore>-1</adlcp:masteryscore></item></organization></organizations><resources><resource identifier="RESOURCE_581906_1" type="webcontent" adlcp:scormtype="asset" xml:base="document/learning_path/Sistemas-de-proyeccion"><file href="?si=SOhxUU1sf5S76SRL"/></resource><resource identifier="RESOURCE_581906_2" type="webcontent" adlcp:scormtype="asset" xml:base=""><file href="https://www.youtube.com/embed/NzlNbJe4To0"/></resource><resource identifier="RESOURCE_581906" type="webcontent" href="document//Video-02.html" adlcp:scormtype="asset" xml:base=""><file href="document//Video-02.html"/><dependency identifierref="RESOURCE_581906_1"/><dependency identifierref="RESOURCE_581906_2"/></resource><resource identifier="RESOURCE_581907" type="webcontent" href="document//Sistemas_de_Proyeccion_.pdf" adlcp:scormtype="asset" xml:base=""><file href="document//Sistemas_de_Proyeccion_.pdf"/></resource><resource identifier="RESOURCE_581908" type="webcontent" href="document//2_Mapa_sistemas_de_proyeccion_cartografica.pdf" adlcp:scormtype="asset" xml:base=""><file href="document//2_Mapa_sistemas_de_proyeccion_cartografica.pdf"/></resource><resource identifier="RESOURCE_581768" type="webcontent" href="-1" adlcp:scormtype="asset" xml:base=""><file href="-1"/></resource><resource identifier="RESOURCE_581769" type="webcontent" href="-1" adlcp:scormtype="asset" xml:base=""><file href="-1"/></resource></resources></manifest>
