<?xml version="1.0" encoding="UTF-8"?>
<manifest xmlns="http://www.imsproject.org/xsd/imscp_rootv1p1p2" identifier="SingleCourseManifest" version="1.1" xmlns:adlcp="http://www.adlnet.org/xsd/adlcp_rootv1p2" xmlns:xsi="http://www.w3.org/2001/XMLSchema-instance" xsi:schemaLocation="http://www.imsproject.org/xsd/imscp_rootv1p1p2 imscp_rootv1p1p2.xsd http://www.imsglobal.org/xsd/imsmd_rootv1p2p1 imsmd_rootv1p2p1.xsd http://www.adlnet.org/xsd/adlcp_rootv1p2 adlcp_rootv1p2.xsd"><metadata><schema>ADL SCORM</schema><schemaversion>1.2</schemaversion></metadata><organizations default="chamilo_scorm_export"><organization identifier="chamilo_scorm_export"><title>Datos vector</title><item identifier="ITEM_581929" identifierref="RESOURCE_581929" isvisible="true"><title>Video 06</title><adlcp:prerequisites type="aicc_script"/><adlcp:masteryscore>-1</adlcp:masteryscore></item><item identifier="ITEM_581930" identifierref="RESOURCE_581930" isvisible="true"><title>Datos_Vector_</title><adlcp:prerequisites type="aicc_script"/><adlcp:masteryscore>-1</adlcp:masteryscore></item><item identifier="ITEM_581931" identifierref="RESOURCE_581931" isvisible="true"><title>Video 07</title><adlcp:prerequisites type="aicc_script"/><adlcp:masteryscore>-1</adlcp:masteryscore></item><item identifier="ITEM_581932" identifierref="RESOURCE_581932" isvisible="true"><title>6_Mapa_datos_vector.pdf</title><adlcp:prerequisites type="aicc_script"/><adlcp:masteryscore>-1</adlcp:masteryscore></item><item identifier="ITEM_581776" identifierref="RESOURCE_581776" isvisible="true"><title>6_Datos_vector_JCross</title><adlcp:prerequisites type="aicc_script"/><adlcp:masteryscore>-1</adlcp:masteryscore></item><item identifier="ITEM_581777" identifierref="RESOURCE_581777" isvisible="true"><title>6_Datos_vector_JMatch</title><adlcp:prerequisites type="aicc_script">581776</adlcp:prerequisites><adlcp:masteryscore>-1</adlcp:masteryscore></item></organization></organizations><resources><resource identifier="RESOURCE_581929_1" type="webcontent" adlcp:scormtype="asset" xml:base="document/learning_path/Datos-vector"><file href="?si=VDahXF25mP77ggqR"/></resource><resource identifier="RESOURCE_581929_2" type="webcontent" adlcp:scormtype="asset" xml:base=""><file href="https://www.youtube.com/embed/5sz7hUMcI1w"/></resource><resource identifier="RESOURCE_581929" type="webcontent" href="document//Video-06.html" adlcp:scormtype="asset" xml:base=""><file href="document//Video-06.html"/><dependency identifierref="RESOURCE_581929_1"/><dependency identifierref="RESOURCE_581929_2"/></resource><resource identifier="RESOURCE_581930" type="webcontent" href="document//Datos_Vector_.pdf" adlcp:scormtype="asset" xml:base=""><file href="document//Datos_Vector_.pdf"/></resource><resource identifier="RESOURCE_581931_1" type="webcontent" adlcp:scormtype="asset" xml:base="document/learning_path/Datos-vector"><file href="?si=zHyzfGEpqWk66S56"/></resource><resource identifier="RESOURCE_581931_2" type="webcontent" adlcp:scormtype="asset" xml:base=""><file href="https://www.youtube.com/embed/aEkWuhiyo98"/></resource><resource identifier="RESOURCE_581931" type="webcontent" href="document//Video-07.html" adlcp:scormtype="asset" xml:base=""><file href="document//Video-07.html"/><dependency identifierref="RESOURCE_581931_1"/><dependency identifierref="RESOURCE_581931_2"/></resource><resource identifier="RESOURCE_581932" type="webcontent" href="document//6_Mapa_datos_vector.pdf" adlcp:scormtype="asset" xml:base=""><file href="document//6_Mapa_datos_vector.pdf"/></resource><resource identifier="RESOURCE_581776" type="webcontent" href="-1" adlcp:scormtype="asset" xml:base=""><file href="-1"/></resource><resource identifier="RESOURCE_581777" type="webcontent" href="-1" adlcp:scormtype="asset" xml:base=""><file href="-1"/></resource><resource identifier="RESOURCE_581934" type="webcontent" href="document/non_exportable.html" adlcp:scormtype="asset" xml:base=""><file href="document/non_exportable.html"/></resource></resources></manifest>
